,Tweet,Sentiment
0,RT @MSNBC: BREAKING: Rudy Giuliani says President Trump reimbursed his personal attorney Michael Cohen the $130k paid to Stormy Daniels to‚Ä¶,Positive
1,RT @politico: Longtime Trump associates whose job was to clean up messes are suddenly in the spotlight making things worse for the presiden‚Ä¶,Negative
2,"RT @kylegriffin1: On March 7, Sarah Sanders denied Trump had any knowledge about the Daniels payments: ‚ÄúI‚Äôve had conversations with the Pre‚Ä¶",Positive
3,"RT @ScottPresler: HUGE NEWS: Republicans are fired up in Florida.

‚úîÔ∏èWe won #HD39 60-40!
‚úîÔ∏èWe almost flipped #HD114 from blue to red &amp; we o‚Ä¶",Positive
4,"RT @TheAtlantic: Donald Trump ""is the first truly shameless president, the first porn president,"" writes @CaitlinPacific. And that is why S‚Ä¶",Positive
5,"RT @Pappiness: If Rudy Giuliani and Donald Trump just did a few more interviews on Fox News, we could have this whole impeachment wrapped u‚Ä¶",Positive
6,"RT @Doodisgirl: Thank You Mr. President! üëçüèº‚ù§Ô∏èüá∫üá∏
Today, President Trump is Unveiling a New White House Initiative to Protect Religious Freed‚Ä¶",Positive
7,@ANTONIOJGILH @nesumosa @Armando_550 @serjo53 @lengusqui @tania_reloaded @grfavoritos @Vzlazonadpaz @El_Revolution‚Ä¶ https://t.co/TCaFShQSbF,Positive
8,"RT @NormEisen: Whoa, Rudy may just have proven our @CREWcrew complaint that Trump broke the law by failing to disclose the loan from Cohen‚Ä¶",Negative
9,RT @foxandfriends: Rudy Giuliani explains why Trump‚Äôs legal team would only let Mueller grill the president for 2-3 hours https://t.co/UPlo‚Ä¶,Positive
10,"RT @mike_Zollo: Rudy Giuliani didn‚Äôt hurt Trump in any way. Trump paid $130K to Michael Cohen which he thought were for travel expenses, et‚Ä¶",Positive
11,"RT @1776Stonewall: Rudy Giuliani, everything you're saying is right. Sessions or Rosenstein should fire Mueller, but they won't. So instead‚Ä¶",Positive
12,RT @waltshaub: And remember that Trump's attorney wanted him to be the first person in history to file a financial disclosure report withou‚Ä¶,Positive
13,"RT @thealexvanness: CNN 2017: One of Trump's tweets could inadvertently cause a nuclear war with North Korea.

TODAY: North Korea has relea‚Ä¶",Positive
14,@THESLAMMMMER Yeah. Need to fix that Trump. Middle class doesn‚Äôt need to make for millionaire‚Äôs security and retirement.,Positive
